name,datetime,tempmax,tempmin,temp,feelslikemax,feelslikemin,feelslike,dew,humidity,precip,precipprob,precipcover,preciptype,snow,snowdepth,windgust,windspeed,winddir,sealevelpressure,cloudcover,visibility,solarradiation,solarenergy,uvindex,severerisk,sunrise,sunset,moonphase,conditions,description,icon,stations
"Mysuru, KA, India",2021-07-01,87.7,73.3,79.1,91.3,73.3,80.4,69.7,74.5,0.091,100,25,rain,0,0,23.9,10.7,250.3,1009.4,73.9,3.7,224.1,19.2,8,,2021-07-01T06:02:13,2021-07-01T18:52:21,0.71,"Rain, Partially cloudy",Partly cloudy throughout the day with rain.,rain,"43289099999,43291099999,remote,VOMY"
"Mysuru, KA, India",2021-07-02,85.9,71.7,78.9,88.3,71.7,80.1,68.1,71,0.399,100,66.67,rain,0,0,25.1,15,251,1010.2,81,5.6,165.5,14.4,7,,2021-07-02T06:02:28,2021-07-02T18:52:28,0.75,"Rain, Partially cloudy",Partly cloudy throughout the day with a chance of rain throughout the day.,rain,"43289099999,43291099999,remote,VOMY"
"Mysuru, KA, India",2021-07-03,85.9,71.5,78.1,88.3,71.5,78.9,67.9,72.2,0.307,100,20.83,rain,0,0,21.9,11.4,249.6,1011,78.8,5.5,184.8,15.8,7,,2021-07-03T06:02:44,2021-07-03T18:52:34,0.78,"Rain, Partially cloudy",Partly cloudy throughout the day with rain.,rain,"43289099999,43291099999,remote,VOMY"
"Mysuru, KA, India",2021-07-04,91.3,71.5,78.3,94.1,71.5,79.1,69.4,76.3,0.184,100,20.83,rain,0,0,20.1,9.2,263.8,1010.7,76.5,4,223.4,19.3,8,,2021-07-04T06:03:01,2021-07-04T18:52:39,0.81,"Rain, Partially cloudy",Partly cloudy throughout the day with rain.,rain,"43289099999,remote,VOMY"
"Mysuru, KA, India",2021-07-05,89.5,70.4,78.1,92.6,70.4,79.2,68.5,74.6,0.677,100,66.67,rain,0,0,18.8,13.9,273.1,1009.7,73.8,5.3,185.1,15.8,8,,2021-07-05T06:03:17,2021-07-05T18:52:44,0.84,"Rain, Partially cloudy",Partly cloudy throughout the day with a chance of rain throughout the day.,rain,"43289099999,remote,VOMY"
"Mysuru, KA, India",2021-07-06,87.7,71.1,78.5,91.3,71.1,79.9,69.5,75.2,0.162,100,29.17,rain,0,0,13.9,9.2,260.3,1009.1,62.7,4.8,235.8,20.5,7,,2021-07-06T06:03:33,2021-07-06T18:52:47,0.88,"Rain, Partially cloudy",Partly cloudy throughout the day with rain.,rain,"43289099999,43291099999,remote,VOMY"
"Mysuru, KA, India",2021-07-07,89.5,72.6,79,92.1,72.6,80.6,69.6,74.6,0.15,100,25,rain,0,0,21.3,10.3,253.4,1009,75.5,4.7,203.1,17.5,8,,2021-07-07T06:03:50,2021-07-07T18:52:50,0.91,"Rain, Partially cloudy",Partly cloudy throughout the day with a chance of rain throughout the day.,rain,"43289099999,43291099999,remote,VOMY"
"Mysuru, KA, India",2021-07-08,89.5,70.6,79,93.3,70.6,80.6,69.4,74.5,0.162,100,29.17,rain,0,0,18.3,11.4,255.3,1009.6,72.2,4.9,191.3,16.5,8,,2021-07-08T06:04:06,2021-07-08T18:52:52,0.94,"Rain, Partially cloudy",Partly cloudy throughout the day with rain.,rain,"43289099999,43291099999,remote,VOMY"
"Mysuru, KA, India",2021-07-09,85.9,71.5,77.8,88.5,71.5,78.7,68.8,75.4,0.35,100,62.5,rain,0,0,28.6,16.1,251.8,1008.3,74.8,5.3,189.4,16.6,6,,2021-07-09T06:04:22,2021-07-09T18:52:54,0.97,"Rain, Partially cloudy",Partly cloudy throughout the day with a chance of rain throughout the day.,rain,"43289099999,43291099999,remote,VOMY"
"Mysuru, KA, India",2021-07-10,80.5,69.9,74.2,83.2,69.9,74.7,68.9,84.1,0.72,100,100,rain,0,0,37.6,21.8,256.6,1008,87.7,3.5,94.8,8.1,4,,2021-07-10T06:04:39,2021-07-10T18:52:54,0,"Rain, Partially cloudy",Partly cloudy throughout the day with a chance of rain throughout the day.,rain,"43289099999,43291099999,remote,VOMY"
"Mysuru, KA, India",2021-07-11,80.5,69,73.4,83.2,69,73.7,67,81.2,0.512,100,100,rain,0,0,34.4,23,259.1,1008.2,84.1,5.1,108.8,9.3,5,,2021-07-11T06:04:55,2021-07-11T18:52:54,0.04,"Rain, Partially cloudy",Partly cloudy throughout the day with a chance of rain throughout the day.,rain,"43291099999,remote,VOMY"
"Mysuru, KA, India",2021-07-12,82.3,70.6,74.6,84.5,70.6,74.9,68.1,81,0.498,100,91.67,rain,0,0,38,19.7,257.2,1008.1,91.4,4.4,141.8,12.2,6,,2021-07-12T06:05:11,2021-07-12T18:52:53,0.08,"Rain, Overcast",Cloudy skies throughout the day with a chance of rain throughout the day.,rain,"43289099999,43291099999,remote,VOMY"
"Mysuru, KA, India",2021-07-13,76.9,71.1,73.7,76.9,71.1,73.7,68.9,85.2,0.291,100,79.17,rain,0,0,38.7,17.2,259,1008.7,93.4,3.3,101.6,8.7,5,,2021-07-13T06:05:28,2021-07-13T18:52:51,0.11,"Rain, Overcast",Cloudy skies throughout the day with a chance of rain throughout the day.,rain,"43289099999,remote,VOMY"
"Mysuru, KA, India",2021-07-14,76.9,69.7,73.1,76.9,69.7,73.1,69.5,88.5,0.357,100,66.67,rain,0,0,35.3,23,259.4,1008.8,93.1,3.6,97.7,8.5,4,,2021-07-14T06:05:44,2021-07-14T18:52:48,0.15,"Rain, Overcast",Cloudy skies throughout the day with a chance of rain throughout the day.,rain,"43289099999,43291099999,remote,VOMY"
"Mysuru, KA, India",2021-07-15,75.1,68.8,71.8,75.1,68.8,71.8,69.4,92.2,0.598,100,100,rain,0,0,32.9,17.2,250.1,1009,94.5,3.3,126.1,10.7,4,,2021-07-15T06:05:59,2021-07-15T18:52:45,0.19,"Rain, Overcast",Cloudy skies throughout the day with a chance of rain throughout the day.,rain,"43289099999,remote,VOMY"
"Mysuru, KA, India",2021-07-16,80.5,69.7,74.2,83.2,69.7,74.4,69.2,85.2,0.623,100,87.5,rain,0,0,29.1,14.5,248.2,1010.2,82.6,3.5,103.6,8.9,4,,2021-07-16T06:06:15,2021-07-16T18:52:40,0.22,"Rain, Partially cloudy",Partly cloudy throughout the day with a chance of rain throughout the day.,rain,"43289099999,43291099999,remote,VOMY"
"Mysuru, KA, India",2021-07-17,82.3,69.7,75.2,86.1,69.7,76,68.7,81.2,0.123,100,58.33,rain,0,0,28.2,13.9,258.2,1010.8,83,4.7,178.1,15.2,7,,2021-07-17T06:06:31,2021-07-17T18:52:35,0.25,"Rain, Partially cloudy",Partly cloudy throughout the day with a chance of rain throughout the day.,rain,"remote,VOMY"
"Mysuru, KA, India",2021-07-18,75.1,69,72.1,75.1,69,72.1,69,90.1,0.715,100,87.5,rain,0,0,26.8,18.3,254.3,1010.6,94.9,3.2,61.5,5.3,2,,2021-07-18T06:06:46,2021-07-18T18:52:29,0.29,"Rain, Overcast",Cloudy skies throughout the day with a chance of rain throughout the day.,rain,"43289099999,remote,VOMY"
"Mysuru, KA, India",2021-07-19,84.1,69.7,74.8,87.3,69.7,75.3,68.4,81.3,0.076,100,45.83,rain,0,0,33.6,17.2,260.2,1010.5,73.6,3.5,182.6,15.7,7,,2021-07-19T06:07:01,2021-07-19T18:52:22,0.33,"Rain, Partially cloudy",Partly cloudy throughout the day with a chance of rain throughout the day.,rain,"43289099999,43291099999,remote,VOMY"
"Mysuru, KA, India",2021-07-20,82.3,71,75.4,86.1,71,75.8,69.1,81.5,0.032,100,29.17,rain,0,0,34.2,19.7,261.5,1012.3,75.4,4.5,227.7,19.9,8,,2021-07-20T06:07:16,2021-07-20T18:52:14,0.36,"Rain, Partially cloudy",Partly cloudy throughout the day with a chance of rain throughout the day.,rain,"43289099999,remote,VOMY"
"Mysuru, KA, India",2021-07-21,80.5,69.7,74.9,83.2,69.7,75,68.4,80.9,0.16,100,66.67,rain,0,0,42.7,21.9,261.4,1011.7,93.8,4,159,13.6,6,,2021-07-21T06:07:31,2021-07-21T18:52:05,0.4,"Rain, Overcast",Cloudy skies throughout the day with a chance of rain throughout the day.,rain,"43289099999,43291099999,remote,VOMY"
"Mysuru, KA, India",2021-07-22,76.9,69.7,73.6,76.9,69.7,73.6,68.7,84.8,0.89,100,100,rain,0,0,42.5,19.7,262.9,1009,84.1,3.7,82.8,7.1,4,,2021-07-22T06:07:46,2021-07-22T18:51:55,0.43,"Rain, Partially cloudy",Partly cloudy throughout the day with a chance of rain throughout the day.,rain,"43289099999,43291099999,remote,VOMY"
"Mysuru, KA, India",2021-07-23,77.8,71.5,74,77.8,71.5,74,69.8,87,0.12,100,50,rain,0,0,36.9,20.8,255.2,1008.2,92.4,3.4,119.4,10.3,5,,2021-07-23T06:08:00,2021-07-23T18:51:45,0.47,"Rain, Overcast",Cloudy skies throughout the day with a chance of rain throughout the day.,rain,"43289099999,remote,VOMY"
"Mysuru, KA, India",2021-07-24,82.3,71.5,76.3,86.1,71.5,76.9,69,78.7,0.21,100,50,rain,0,0,30.6,17.2,255.8,1009.5,65.7,4.4,160.8,13.8,7,,2021-07-24T06:08:14,2021-07-24T18:51:33,0.5,"Rain, Partially cloudy",Partly cloudy throughout the day with a chance of rain throughout the day.,rain,"43289099999,43291099999,remote,VOMY"
"Mysuru, KA, India",2021-07-25,80.5,69.7,75.8,84.4,69.7,76.2,69.8,82.2,0.052,100,33.33,rain,0,0,30,17.2,251.7,1010.7,64.8,4.9,208.6,18,7,,2021-07-25T06:08:27,2021-07-25T18:51:21,0.54,"Rain, Partially cloudy",Partly cloudy throughout the day with rain.,rain,"43289099999,43291099999,remote,VOMY"
"Mysuru, KA, India",2021-07-26,84.1,71.5,76.4,87.3,71.5,77.2,68.8,78.4,0.028,100,29.17,rain,0,0,30.2,18.3,254,1011.3,68.3,5,133.2,11.7,5,,2021-07-26T06:08:41,2021-07-26T18:51:07,0.57,"Rain, Partially cloudy",Partly cloudy throughout the day with a chance of rain throughout the day.,rain,"43289099999,remote,VOMY"
"Mysuru, KA, India",2021-07-27,82.3,71.5,76,86.1,71.5,76.6,68.7,78.8,0.024,100,25,rain,0,0,29.3,18.3,246.7,1010.8,74.7,4.3,196.3,17.2,6,,2021-07-27T06:08:54,2021-07-27T18:50:53,0.6,"Rain, Partially cloudy",Partly cloudy throughout the day with rain in the morning and afternoon.,rain,"43289099999,43291099999,remote,VOMY"
"Mysuru, KA, India",2021-07-28,85.9,69.7,77.1,88.3,69.7,78.1,67.8,74.4,0.044,100,29.17,rain,0,0,30,18.3,255.3,1011.4,73.3,3.7,209.3,18,7,,2021-07-28T06:09:06,2021-07-28T18:50:38,0.63,"Rain, Partially cloudy",Partly cloudy throughout the day with rain in the morning and afternoon.,rain,"43289099999,43291099999,remote,VOMY"
"Mysuru, KA, India",2021-07-29,84.1,69.7,76.1,86.4,69.7,76.5,67.7,76.2,0.016,100,16.67,rain,0,0,31.8,20.8,259.7,1012.1,79.1,4.8,187.3,16.2,7,,2021-07-29T06:09:19,2021-07-29T18:50:22,0.67,"Rain, Partially cloudy",Partly cloudy throughout the day with rain in the morning and afternoon.,rain,"remote,VOMY"
"Mysuru, KA, India",2021-07-30,84.1,69.7,76.7,87.3,69.7,77.3,67.5,74.4,0.008,100,8.33,rain,0,0,31.8,22.4,261.7,1012.8,71.3,5,202,17.4,7,,2021-07-30T06:09:31,2021-07-30T18:50:06,0.7,"Rain, Partially cloudy",Partly cloudy throughout the day with rain in the morning and afternoon.,rain,"43289099999,43291099999,remote,VOMY"
"Mysuru, KA, India",2021-07-31,84.1,67.9,76.6,86.4,67.9,77.1,67.2,74.3,0.071,100,20.83,rain,0,0,35.3,20.8,270.3,1013.2,62.5,3.8,207.3,17.9,7,,2021-07-31T06:09:42,2021-07-31T18:49:48,0.75,"Rain, Partially cloudy",Partly cloudy throughout the day with rain in the morning and afternoon.,rain,"43289099999,43291099999,remote,VOMY"
"Mysuru, KA, India",2021-08-01,84.1,69.7,76.5,87.3,69.7,77.2,67.6,75.4,0.02,100,20.83,rain,0,0,32.2,23,266.5,1012.2,64.8,5.5,221.6,19.2,7,,2021-08-01T06:09:54,2021-08-01T18:49:29,0.76,"Rain, Partially cloudy",Partly cloudy throughout the day with afternoon rain.,rain,"43289099999,remote,VOMY"
"Mysuru, KA, India",2021-08-02,84.1,69.7,76.1,86.4,69.7,76.8,67.9,76.6,0.024,100,16.67,rain,0,0,29.8,19.7,256.2,1012.5,75.5,4.1,194.5,16.6,7,,2021-08-02T06:10:05,2021-08-02T18:49:10,0.8,"Rain, Partially cloudy",Partly cloudy throughout the day with rain in the morning and afternoon.,rain,"43289099999,remote,VOMY"
"Mysuru, KA, India",2021-08-03,82.3,69.7,75.2,85.2,69.7,75.6,67.9,78.7,0.02,100,20.83,rain,0,0,29.5,18.3,260.8,1013.8,74.2,3.7,208.2,18.1,8,,2021-08-03T06:10:15,2021-08-03T18:48:50,0.83,"Rain, Partially cloudy",Partly cloudy throughout the day with rain in the morning and afternoon.,rain,"remote,VOMY"
"Mysuru, KA, India",2021-08-04,82.3,69.7,75.7,84.5,69.7,76.3,67.8,77.1,0.02,100,20.83,rain,0,0,31.3,21.9,259.7,1014,76,5.2,189,16.3,7,,2021-08-04T06:10:25,2021-08-04T18:48:29,0.86,"Rain, Partially cloudy",Partly cloudy throughout the day with rain.,rain,"remote,VOMY"
"Mysuru, KA, India",2021-08-05,82.3,71.5,76.7,86.1,71.5,77.6,68.7,77,0.084,100,41.67,rain,0,0,37.4,23,259.8,1012.2,64,4.7,178.9,15.5,7,,2021-08-05T06:10:35,2021-08-05T18:48:07,0.89,"Rain, Partially cloudy",Partly cloudy throughout the day with rain.,rain,"43289099999,remote,VOMY"
"Mysuru, KA, India",2021-08-06,84.1,69.7,76,87.3,69.7,76.5,69.4,81.2,0.333,100,75,rain,0,0,32,18.3,263.1,1010.8,75.2,3.5,195.6,17,7,,2021-08-06T06:10:45,2021-08-06T18:47:45,0.93,"Rain, Partially cloudy",Partly cloudy throughout the day with a chance of rain throughout the day.,rain,"43289099999,43291099999,remote,VOMY"
"Mysuru, KA, India",2021-08-07,82.3,70.8,75.5,86.1,70.8,76.1,69.8,83.4,0.375,100,50,rain,0,0,26.2,17.2,251,1011.1,65,4.5,217.7,18.8,8,,2021-08-07T06:10:54,2021-08-07T18:47:21,0.96,"Rain, Partially cloudy",Partly cloudy throughout the day with a chance of rain throughout the day.,rain,"43289099999,43291099999,remote,VOMY"
"Mysuru, KA, India",2021-08-08,85.9,70.2,77.3,90.4,70.2,78.8,69.8,78.7,0.135,100,54.17,rain,0,0,19.7,11,249.8,1011.5,64.8,4.8,190.7,16.5,7,,2021-08-08T06:11:02,2021-08-08T18:46:57,0,"Rain, Partially cloudy",Partly cloudy throughout the day with a chance of rain throughout the day.,rain,"43289099999,43291099999,remote,VOMY"
"Mysuru, KA, India",2021-08-09,85.9,69.7,77.6,89.3,69.7,79,69,76.4,0.036,100,20.83,rain,0,0,18.3,12.8,253.1,1012.2,72.3,4.1,224.5,19.4,8,,2021-08-09T06:11:11,2021-08-09T18:46:32,0.02,"Rain, Partially cloudy",Partly cloudy throughout the day with rain.,rain,"43289099999,43291099999,remote,VOMY"
"Mysuru, KA, India",2021-08-10,84.1,70.2,76.3,87.3,70.2,77,69.1,79.6,0.016,100,16.67,rain,0,0,24.6,20.8,264.4,1012.2,82.3,4.5,159,13.5,5,,2021-08-10T06:11:19,2021-08-10T18:46:06,0.06,"Rain, Partially cloudy",Partly cloudy throughout the day with rain.,rain,"43289099999,remote,VOMY"
"Mysuru, KA, India",2021-08-11,85.9,69.7,77,88.3,69.7,77.7,68.5,76.8,0.122,100,20.83,rain,0,0,22.8,12.8,261.6,1011.9,76.3,5.1,160.2,13.8,7,,2021-08-11T06:11:26,2021-08-11T18:45:40,0.1,"Rain, Partially cloudy",Partly cloudy throughout the day with rain in the morning and afternoon.,rain,"43289099999,43291099999,remote,VOMY"
"Mysuru, KA, India",2021-08-12,80.5,70.2,74.9,83.2,70.2,75,68.6,81.3,0.237,100,45.83,rain,0,0,24.8,16.1,266.8,1013.2,93.9,3.7,106.7,9.3,5,,2021-08-12T06:11:33,2021-08-12T18:45:13,0.13,"Rain, Overcast",Cloudy skies throughout the day with rain.,rain,"43289099999,remote,VOMY"
"Mysuru, KA, India",2021-08-13,80.5,69.3,74,83.2,69.3,74.2,69.1,85.2,0.45,100,58.33,rain,0,0,21.5,12.4,253.8,1011.9,76.1,3.7,174.7,15.1,7,,2021-08-13T06:11:40,2021-08-13T18:44:45,0.17,"Rain, Partially cloudy",Partly cloudy throughout the day with rain.,rain,"43289099999,remote,VOMY"
"Mysuru, KA, India",2021-08-14,84.1,69.9,74.7,86.4,69.9,75.1,68,80.6,0.465,100,37.5,rain,0,0,27.1,19.7,259.1,1010.7,74.9,4.1,156.3,13.4,7,,2021-08-14T06:11:46,2021-08-14T18:44:16,0.2,"Rain, Partially cloudy",Partly cloudy throughout the day with a chance of rain throughout the day.,rain,"43289099999,remote,VOMY"
"Mysuru, KA, India",2021-08-15,81.1,69.7,75.5,83.3,69.7,75.9,67.6,77.4,0.008,100,8.33,rain,0,0,26.4,17.2,261.3,1010.9,82.4,3.7,155.3,13.5,5,,2021-08-15T06:11:52,2021-08-15T18:43:47,0.25,"Rain, Partially cloudy",Partly cloudy throughout the day with afternoon rain.,rain,"43289099999,remote,VOMY"
"Mysuru, KA, India",2021-08-16,84.1,69.7,75.7,86.4,69.7,76.3,67.8,77.8,0.202,100,50,rain,0,0,22.8,11.4,258,1011.2,82.9,3.9,158.4,13.6,8,,2021-08-16T06:11:58,2021-08-16T18:43:17,0.28,"Rain, Partially cloudy",Partly cloudy throughout the day with a chance of rain throughout the day.,rain,"43289099999,43291099999,remote,VOMY"
"Mysuru, KA, India",2021-08-17,82.3,69.7,75.3,85.2,69.7,75.8,68.3,80.1,0.056,100,29.17,rain,0,0,24.4,13.9,254.5,1011.7,82.7,4.5,130,11.2,5,,2021-08-17T06:12:03,2021-08-17T18:42:46,0.31,"Rain, Partially cloudy",Partly cloudy throughout the day with rain.,rain,"43289099999,remote,VOMY"
"Mysuru, KA, India",2021-08-18,84.1,70.4,75.5,87.3,70.4,76.1,68.8,80.8,0.17,100,37.5,rain,0,0,25.3,15,250.6,1010.7,76.8,4.2,197.4,17,8,,2021-08-18T06:12:08,2021-08-18T18:42:15,0.35,"Rain, Partially cloudy",Partly cloudy throughout the day with rain.,rain,"43289099999,remote,VOMY"
"Mysuru, KA, India",2021-08-19,84.3,69.3,74.3,87.1,69.3,74.5,68.9,84.1,0.62,100,79.17,rain,0,0,27.5,17.2,261,1010.1,85.2,4.8,172.7,14.9,7,,2021-08-19T06:12:12,2021-08-19T18:41:43,0.38,"Rain, Partially cloudy",Partly cloudy throughout the day with a chance of rain throughout the day.,rain,"43289099999,remote,VOMY"
"Mysuru, KA, India",2021-08-20,87.7,70.1,76.9,90.2,70.1,77.9,68.5,77.3,0.052,100,25,rain,0,0,16.6,13.4,268.2,1010.4,75.2,4.9,135.2,11.6,5,,2021-08-20T06:12:17,2021-08-20T18:41:10,0.42,"Rain, Partially cloudy",Partly cloudy throughout the day with rain.,rain,"43289099999,remote,VOMY"
"Mysuru, KA, India",2021-08-21,87.7,70.6,75.4,89.2,70.6,75.6,68.8,82,0.32,100,33.33,rain,0,0,28.9,17.2,261.5,1011.8,79.4,3.7,196.3,16.9,7,,2021-08-21T06:12:20,2021-08-21T18:40:37,0.46,"Rain, Partially cloudy",Partly cloudy throughout the day with rain.,rain,"43289099999,43291099999,remote,VOMY"
"Mysuru, KA, India",2021-08-22,82.5,70.1,76.2,86.1,70.1,77.1,68.7,78.6,0.156,100,41.67,rain,0,0,14.8,11.4,237.7,1011.6,75.3,3.7,178.6,15.3,6,,2021-08-22T06:12:24,2021-08-22T18:40:03,0.5,"Rain, Partially cloudy",Partly cloudy throughout the day with rain clearing later.,rain,"43289099999,43291099999,remote,VOMY"
"Mysuru, KA, India",2021-08-23,85.9,69.7,76.1,88.3,69.7,76.6,68.7,79.2,0.347,100,45.83,rain,0,0,16.8,9.2,242.6,1011.3,71.2,4.1,178,15.5,8,,2021-08-23T06:12:27,2021-08-23T18:39:29,0.52,"Rain, Partially cloudy",Partly cloudy throughout the day with a chance of rain throughout the day.,rain,"43289099999,43291099999,remote,VOMY"
"Mysuru, KA, India",2021-08-24,85.9,69.7,77.2,88.3,69.7,78.1,68.2,75.8,0.138,100,25,rain,0,0,20.1,9.2,255.2,1011.2,51.8,5.2,224.4,19.3,9,,2021-08-24T06:12:30,2021-08-24T18:38:54,0.56,"Rain, Partially cloudy",Partly cloudy throughout the day with rain in the morning and afternoon.,rain,"43289099999,43291099999,remote,VOMY"
"Mysuru, KA, India",2021-08-25,85.9,67.9,76.7,88.3,67.9,77.8,68.2,76.7,0.083,100,20.83,rain,0,0,18.8,12.8,259,1010.6,70.6,5.1,200.5,17.4,7,,2021-08-25T06:12:33,2021-08-25T18:38:19,0.59,"Rain, Partially cloudy",Partly cloudy throughout the day with afternoon rain.,rain,"43289099999,43291099999,remote,VOMY"
"Mysuru, KA, India",2021-08-26,85.9,69.7,76.9,88.3,69.7,77.8,68.6,77.1,0.182,100,33.33,rain,0,0,20.8,17.2,250.2,1009.2,68.1,5.1,236.6,20.5,8,,2021-08-26T06:12:35,2021-08-26T18:37:43,0.62,"Rain, Partially cloudy",Partly cloudy throughout the day with rain.,rain,"43289099999,43291099999,remote,VOMY"
"Mysuru, KA, India",2021-08-27,84.1,71.3,75.4,87.3,71.3,76,69.3,82.2,0.399,100,62.5,rain,0,0,23.9,13.9,254.1,1008.6,89.8,4.7,206.6,17.9,8,,2021-08-27T06:12:37,2021-08-27T18:37:06,0.65,"Rain, Partially cloudy",Partly cloudy throughout the day with rain.,rain,"43289099999,43291099999,remote,VOMY"
"Mysuru, KA, India",2021-08-28,80.5,69.7,74.9,83.2,69.7,75.4,68.4,81.3,1.357,100,75,rain,0,0,27.5,23,254.4,1007.9,90.7,5.1,134.7,11.4,5,,2021-08-28T06:12:38,2021-08-28T18:36:30,0.69,"Rain, Overcast",Cloudy skies throughout the day with a chance of rain throughout the day.,rain,"43289099999,43291099999,remote,VOMY"
"Mysuru, KA, India",2021-08-29,82.3,69.5,75,84.5,69.5,75.4,67.7,79.5,0.378,100,95.83,rain,0,0,28.2,20.8,255.8,1007.9,81.2,4.8,127.8,11.1,5,,2021-08-29T06:12:40,2021-08-29T18:35:52,0.72,"Rain, Partially cloudy",Partly cloudy throughout the day with a chance of rain throughout the day.,rain,"43289099999,43291099999,remote,VOMY"
"Mysuru, KA, India",2021-08-30,82.3,69.3,74.4,85.2,69.3,74.9,67.9,81.2,0.497,100,62.5,rain,0,0,33.3,19.7,256.3,1009.1,82.3,4.7,130.4,11.2,6,,2021-08-30T06:12:41,2021-08-30T18:35:15,0.75,"Rain, Partially cloudy",Partly cloudy throughout the day with a chance of rain throughout the day.,rain,"43289099999,43291099999,remote,VOMY"
"Mysuru, KA, India",2021-08-31,85.9,69.7,76.5,88.3,69.7,77.3,68.7,78.5,0.056,100,29.17,rain,0,0,21,15,258.2,1009.4,76.8,4.5,185.4,15.9,7,,2021-08-31T06:12:42,2021-08-31T18:34:37,0.78,"Rain, Partially cloudy",Partly cloudy throughout the day with a chance of rain throughout the day.,rain,"43289099999,43291099999,remote,VOMY"
"Mysuru, KA, India",2021-09-01,84.1,71.5,76.7,86.5,71.5,77.5,68.6,77.1,0.064,100,29.17,rain,0,0,19.9,11.4,264.6,1010.7,72.8,4.4,210.2,18.1,8,,2021-09-01T06:12:43,2021-09-01T18:33:58,0.81,"Rain, Partially cloudy",Partly cloudy throughout the day with rain in the morning and afternoon.,rain,"43289099999,43291099999,remote,VOMY"
"Mysuru, KA, India",2021-09-02,84.1,70.4,75.3,86.4,70.4,75.9,68.4,80.6,1.094,100,50,rain,0,0,20.8,18.3,261.8,1011,88.7,5.1,145.9,12.6,6,,2021-09-02T06:12:43,2021-09-02T18:33:19,0.85,"Rain, Partially cloudy",Partly cloudy throughout the day with rain.,rain,"43289099999,remote,VOMY"
"Mysuru, KA, India",2021-09-03,82.3,69,74.3,85.2,69,74.9,69.1,85,0.931,100,100,rain,0,0,15,15,254.5,1010.4,82.8,4.4,81.9,7.1,4,,2021-09-03T06:12:43,2021-09-03T18:32:40,0.88,"Rain, Partially cloudy",Partly cloudy throughout the day with a chance of rain throughout the day.,rain,"43289099999,remote,VOMY"
"Mysuru, KA, India",2021-09-04,82.3,69.7,74.3,85.3,69.7,74.8,68.5,82.9,0.444,100,100,rain,0,0,22.6,23,254.5,1010.4,91.8,4.5,87.7,7.5,5,,2021-09-04T06:12:43,2021-09-04T18:32:01,0.91,"Rain, Overcast",Cloudy skies throughout the day with a chance of rain throughout the day.,rain,"43289099999,remote,VOMY"
"Mysuru, KA, India",2021-09-05,84.1,69.9,74.2,88.3,69.9,74.6,69.9,86.9,0.397,100,79.17,rain,0,0,29.3,20.8,254.1,1010.4,82.5,3.6,121.2,10.3,5,,2021-09-05T06:12:43,2021-09-05T18:31:21,0.94,"Rain, Partially cloudy",Partly cloudy throughout the day with a chance of rain throughout the day.,rain,"43289099999,43291099999,remote,VOMY"
"Mysuru, KA, India",2021-09-06,82.3,69.5,73.9,85.2,69.5,74.2,68.9,85.5,0.477,100,91.67,rain,0,0,31.1,20.8,255.3,1010.3,84.1,4.7,93.1,8.1,5,,2021-09-06T06:12:43,2021-09-06T18:30:41,0.98,"Rain, Partially cloudy",Partly cloudy throughout the day with a chance of rain throughout the day.,rain,"43289099999,43291099999,remote,VOMY"
"Mysuru, KA, India",2021-09-07,78.7,69.2,73.9,78.7,69.2,73.9,68,82.4,0.304,100,62.5,rain,0,0,32.2,23,251.9,1010.1,79.8,4.2,135.5,11.7,6,,2021-09-07T06:12:43,2021-09-07T18:30:00,0,"Rain, Partially cloudy",Partly cloudy throughout the day with a chance of rain throughout the day.,rain,"43289099999,43291099999,remote,VOMY"
"Mysuru, KA, India",2021-09-08,82.3,70.8,75.4,85.2,70.8,76.1,68.1,78.8,0.036,100,29.17,rain,0,0,34,24.2,249.9,1011.3,79.4,3.6,212.3,18.2,8,,2021-09-08T06:12:42,2021-09-08T18:29:20,0.04,"Rain, Partially cloudy",Partly cloudy throughout the day with rain in the morning and afternoon.,rain,"43289099999,43291099999,remote,VOMY"
"Mysuru, KA, India",2021-09-09,85.9,69.7,76.7,89.3,69.7,77.7,68.4,76.9,0.048,100,33.33,rain,0,0,25.9,18.3,256.1,1012.4,59.4,5.4,211.2,18.1,7,,2021-09-09T06:12:41,2021-09-09T18:28:39,0.08,"Rain, Partially cloudy",Partly cloudy throughout the day with rain in the morning and afternoon.,rain,"43289099999,43291099999,remote,VOMY"
"Mysuru, KA, India",2021-09-10,85.9,69.7,77.3,88.3,69.7,78.2,68,74.7,0.004,100,4.17,rain,0,0,27.3,23,261.2,1012.2,74,4.7,184.2,15.9,6,,2021-09-10T06:12:41,2021-09-10T18:27:58,0.12,"Rain, Partially cloudy",Partly cloudy throughout the day with morning rain.,rain,"43289099999,43291099999,remote,VOMY"
"Mysuru, KA, India",2021-09-11,84.1,67.9,75.5,88.3,67.9,76.4,68.9,80.6,0.048,100,29.17,rain,0,0,27.3,19.7,257.8,1011.1,86,3.7,161.1,14,5,,2021-09-11T06:12:40,2021-09-11T18:27:17,0.15,"Rain, Partially cloudy",Partly cloudy throughout the day with rain in the morning and afternoon.,rain,"43289099999,remote,VOMY"
"Mysuru, KA, India",2021-09-12,82.3,69.7,75.5,87,69.7,76.3,69.3,81.9,0.146,100,37.5,rain,0,0,34.7,19.7,250.9,1009.6,90.4,4.4,184,15.9,8,,2021-09-12T06:12:39,2021-09-12T18:26:36,0.19,"Rain, Overcast",Cloudy skies throughout the day with rain in the morning and afternoon.,rain,"43289099999,remote,VOMY"
"Mysuru, KA, India",2021-09-13,82.3,69.7,76.1,86.1,69.7,76.8,69.2,79.9,0.032,100,29.17,rain,0,0,35.8,23,257.2,1009,83.3,3.8,191.2,16.3,7,,2021-09-13T06:12:38,2021-09-13T18:25:54,0.22,"Rain, Partially cloudy",Partly cloudy throughout the day with rain in the morning and afternoon.,rain,"43289099999,43291099999,remote,VOMY"
"Mysuru, KA, India",2021-09-14,84.3,71.5,77.6,89.5,71.5,78.8,69.2,76.4,0.024,100,20.83,rain,0,0,29.8,19.7,251.8,1009.5,79.2,3.8,195.1,17,6,,2021-09-14T06:12:37,2021-09-14T18:25:13,0.25,"Rain, Partially cloudy",Partly cloudy throughout the day with rain in the morning and afternoon.,rain,"43289099999,43291099999,remote,VOMY"
"Mysuru, KA, India",2021-09-15,83.9,67.9,76.7,87.2,67.9,77.9,69,78.1,0.032,100,25,rain,0,0,24.8,18.3,253.5,1010.5,63.8,5.5,212.9,18.3,7,,2021-09-15T06:12:36,2021-09-15T18:24:31,0.29,"Rain, Partially cloudy",Partly cloudy throughout the day with rain in the morning and afternoon.,rain,"43289099999,43291099999,remote,VOMY"
"Mysuru, KA, India",2021-09-16,84.3,71.1,77,87.8,71.1,78.2,69.2,78.1,0.076,100,29.17,rain,0,0,23.7,16.1,259,1010.6,77,3.7,199.7,17.2,8,,2021-09-16T06:12:34,2021-09-16T18:23:49,0.33,"Rain, Partially cloudy",Partly cloudy throughout the day with rain.,rain,"43289099999,43291099999,remote,VOMY"
"Mysuru, KA, India",2021-09-17,87.7,69.7,78,89.2,69.7,78.8,67.5,72.4,0.008,100,8.33,rain,0,0,17.9,11.4,268.2,1010.3,56.8,4.7,259.8,22.4,9,,2021-09-17T06:12:33,2021-09-17T18:23:08,0.37,"Rain, Partially cloudy",Partly cloudy throughout the day with afternoon rain.,rain,"43289099999,43291099999,remote,VOMY"
"Mysuru, KA, India",2021-09-18,89.5,69.7,78.6,92.1,69.7,79.9,68,72.2,0.008,100,8.33,rain,0,0,12.1,11.1,254.4,1011.3,73,4.6,246.8,21.5,9,,2021-09-18T06:12:32,2021-09-18T18:22:26,0.4,"Rain, Partially cloudy",Partly cloudy throughout the day with rain.,rain,"43289099999,remote,VOMY"
"Mysuru, KA, India",2021-09-19,89.5,71.7,79.5,92.1,71.7,80.9,69,72.4,0.079,100,25,rain,0,0,10.7,9.2,269.1,1012.2,66.4,5.3,258.2,22.3,9,,2021-09-19T06:12:31,2021-09-19T18:21:44,0.44,"Rain, Partially cloudy",Partly cloudy throughout the day with rain.,rain,"43289099999,remote,VOMY"
"Mysuru, KA, India",2021-09-20,87.7,71.5,78.4,91.3,71.5,79.6,69.8,76.8,0.024,100,20.83,rain,0,0,14.8,11.4,251.7,1012,62.2,4.5,230.1,19.7,8,,2021-09-20T06:12:30,2021-09-20T18:21:02,0.47,"Rain, Partially cloudy",Partly cloudy throughout the day with a chance of rain throughout the day.,rain,"43289099999,remote,VOMY"
"Mysuru, KA, India",2021-09-21,89.7,69.7,78,92,69.7,79,68.1,74.3,0.008,100,8.33,rain,0,0,19.2,10.1,264.1,1011,54.8,4.9,249.7,21.5,9,,2021-09-21T06:12:29,2021-09-21T18:20:21,0.5,"Rain, Partially cloudy",Partly cloudy throughout the day with rain.,rain,"43289099999,43291099999,remote,VOMY"
"Mysuru, KA, India",2021-09-22,87.7,70.4,77.6,89.2,70.4,78.3,67.4,72.9,0.024,100,25,rain,0,0,19.9,13.9,273.4,1010.1,73,5.2,202.6,17.3,8,,2021-09-22T06:12:28,2021-09-22T18:19:39,0.54,"Rain, Partially cloudy",Partly cloudy throughout the day with rain in the morning and afternoon.,rain,"43289099999,43291099999,remote,VOMY"
"Mysuru, KA, India",2021-09-23,87.7,69.7,77.8,89.2,69.7,78.5,67,71.7,0.052,100,33.33,rain,0,0,21,17.2,279.4,1010.2,62,5.2,196.1,16.9,7,,2021-09-23T06:12:28,2021-09-23T18:18:58,0.57,"Rain, Partially cloudy",Partly cloudy throughout the day with rain.,rain,"43289099999,remote,VOMY"
"Mysuru, KA, India",2021-09-24,85.9,70.2,77.3,87.4,70.2,77.9,67.8,74.2,0.032,100,16.67,rain,0,0,15.2,9.2,258.1,1010.7,66.6,4.5,203.4,17.7,7,,2021-09-24T06:12:27,2021-09-24T18:18:16,0.61,"Rain, Partially cloudy",Partly cloudy throughout the day with rain.,rain,"43289099999,43291099999,remote,VOMY"
"Mysuru, KA, India",2021-09-25,84.1,70.8,77.2,87.3,70.8,78.5,68.9,76.9,0.028,100,12.5,rain,0,0,19.5,11.4,258.1,1010.4,66.2,3.6,210.2,18.3,8,,2021-09-25T06:12:27,2021-09-25T18:17:35,0.64,"Rain, Partially cloudy",Partly cloudy throughout the day with afternoon rain.,rain,"43289099999,remote,VOMY"
"Mysuru, KA, India",2021-09-26,85.9,71.5,76.6,89.3,71.5,77.4,69.5,80.1,0.044,100,29.17,rain,0,0,18.3,19.7,259.5,1008.4,83.7,4.2,196.2,16.9,7,,2021-09-26T06:12:26,2021-09-26T18:16:54,0.67,"Rain, Partially cloudy",Partly cloudy throughout the day with rain.,rain,"43289099999,43291099999,remote,VOMY"
"Mysuru, KA, India",2021-09-27,82.3,70.8,73.9,85.2,70.8,74.1,69,85.3,0.28,100,33.33,rain,0,0,29.8,20.8,259.9,1008,79.8,3.9,161,13.9,6,,2021-09-27T06:12:26,2021-09-27T18:16:13,0.7,"Rain, Partially cloudy",Partly cloudy throughout the day with rain.,rain,"43289099999,remote,VOMY"
"Mysuru, KA, India",2021-09-28,84.1,69.7,75.3,86.4,69.7,75.6,67.7,78.5,0.004,100,4.17,rain,0,0,29.5,18.3,250.7,1009.6,78.2,3.8,147.5,12.6,6,,2021-09-28T06:12:26,2021-09-28T18:15:32,0.74,"Rain, Partially cloudy",Partly cloudy throughout the day with morning rain.,rain,"43291099999,remote,VOMY"
"Mysuru, KA, India",2021-09-29,84.6,70.2,76.3,87.8,70.2,77.1,67.6,75.8,0.024,100,25,rain,0,0,28.9,17.2,257.1,1011.1,64.1,4,176.9,15.5,6,,2021-09-29T06:12:27,2021-09-29T18:14:52,0.75,"Rain, Partially cloudy",Partly cloudy throughout the day with rain in the morning and afternoon.,rain,"43289099999,43291099999,remote,VOMY"
"Mysuru, KA, India",2021-09-30,85.9,69.2,76.2,90.4,69.2,77.3,69.4,80.8,0.327,100,45.83,rain,0,0,17.4,17.2,260.4,1011.7,74.5,5.2,213.2,18.4,8,,2021-09-30T06:12:27,2021-09-30T18:14:12,0.8,"Rain, Partially cloudy",Partly cloudy throughout the day with rain.,rain,"43289099999,remote,VOMY"
"Mysuru, KA, India",2021-10-01,87.7,70.6,76.9,92.6,70.6,78.2,70.7,82.6,0.65,100,50,rain,0,0,19.9,5.8,224.1,1011.3,73.9,3.5,205.2,17.7,8,,2021-10-01T06:12:28,2021-10-01T18:13:32,0.83,"Rain, Partially cloudy",Partly cloudy throughout the day with a chance of rain throughout the day.,rain,"43289099999,remote,VOMY"
"Mysuru, KA, India",2021-10-02,87.7,71.5,78,92.6,71.5,79.4,70.1,78.5,0.37,100,62.5,rain,0,0,16.6,9.2,69.6,1010.5,71.4,4,203.4,17.6,8,,2021-10-02T06:12:29,2021-10-02T18:12:53,0.86,"Rain, Partially cloudy",Partly cloudy throughout the day with a chance of rain throughout the day.,rain,"43289099999,43291099999,remote,VOMY"
"Mysuru, KA, India",2021-10-03,87.7,71.1,78.1,92.6,71.1,80.1,70.5,79,0.04,100,29.17,rain,0,0,19.2,10.3,68.7,1010.6,69,4.7,186.7,16.1,7,,2021-10-03T06:12:30,2021-10-03T18:12:13,0.9,"Rain, Partially cloudy",Partly cloudy throughout the day with rain.,rain,"43289099999,43291099999,remote,VOMY"
"Mysuru, KA, India",2021-10-04,89.5,71.1,78.4,93.3,71.1,80.1,70.6,79,0.891,100,58.33,rain,0,0,19.9,12.8,102.6,1010.1,69.1,4.4,206.8,17.7,8,,2021-10-04T06:12:32,2021-10-04T18:11:34,0.93,"Rain, Partially cloudy",Partly cloudy throughout the day with rain.,rain,"43289099999,43291099999,remote,VOMY"
"Mysuru, KA, India",2021-10-05,84.1,70.4,76.2,88.3,70.4,77.2,69.9,82,0.155,100,41.67,rain,0,0,13,6.9,191.6,1009.7,84,3.1,191.3,16.7,7,,2021-10-05T06:12:33,2021-10-05T18:10:56,0.96,"Rain, Partially cloudy",Partly cloudy throughout the day with rain.,rain,"43289099999,43291099999,remote,VOMY"
"Mysuru, KA, India",2021-10-06,80.5,71,75,83.7,71,75.4,70.5,86.8,1.268,100,83.33,rain,0,0,14.8,6.9,259.5,1008.9,76.8,3.4,53.8,4.6,2,,2021-10-06T06:12:36,2021-10-06T18:10:18,0,"Rain, Partially cloudy",Partly cloudy throughout the day with a chance of rain throughout the day.,rain,"43289099999,43291099999,remote,VOMY"
"Mysuru, KA, India",2021-10-07,85.9,71.5,77.6,90.4,71.5,78.8,70.6,80.6,0.092,100,45.83,rain,0,0,13.2,12.8,253,1009.3,71.9,4.7,199.1,17.2,8,,2021-10-07T06:12:38,2021-10-07T18:09:40,0.03,"Rain, Partially cloudy",Partly cloudy throughout the day with rain.,rain,"43289099999,43291099999,remote,VOMY"
"Mysuru, KA, India",2021-10-08,85.9,71.3,77.1,90.4,71.3,78,70.3,81.4,0.407,100,54.17,rain,0,0,15.4,16.1,254.7,1010.3,85.4,4.6,155.2,13.3,6,,2021-10-08T06:12:41,2021-10-08T18:09:03,0.06,"Rain, Partially cloudy",Partly cloudy throughout the day with a chance of rain throughout the day.,rain,"43289099999,remote,VOMY"
"Mysuru, KA, India",2021-10-09,84.1,70.1,75.6,88.3,70.1,76.4,69.6,82.9,1.716,100,87.5,rain,0,0,15,13.9,255.5,1012,86,5,33.2,2.9,1,,2021-10-09T06:12:44,2021-10-09T18:08:26,0.1,"Rain, Partially cloudy",Partly cloudy throughout the day with a chance of rain throughout the day.,rain,"43289099999,remote,VOMY"
"Mysuru, KA, India",2021-10-10,87.7,70.6,76.6,92.6,70.6,77.6,69.6,80.5,0.378,100,29.17,rain,0,0,21,19.7,263.2,1011.5,78.8,4.5,200.5,17.3,8,,2021-10-10T06:12:48,2021-10-10T18:07:50,0.13,"Rain, Partially cloudy",Partly cloudy throughout the day with rain.,rain,"43289099999,remote,VOMY"
"Mysuru, KA, India",2021-10-11,85.9,71.1,75.9,90.4,71.1,77,70.1,83.3,0.446,100,79.17,rain,0,0,28.9,19.7,252.6,1010.3,74.9,4.2,166.6,14.4,7,,2021-10-11T06:12:52,2021-10-11T18:07:15,0.17,"Rain, Partially cloudy",Partly cloudy throughout the day with a chance of rain throughout the day.,rain,"43289099999,remote,VOMY"
"Mysuru, KA, India",2021-10-12,82.3,69.7,74.2,86.1,69.7,74.6,69.7,86.4,0.302,100,75,rain,0,0,24.2,19.7,246.3,1009.7,87,4.4,160,13.8,8,,2021-10-12T06:12:57,2021-10-12T18:06:39,0.21,"Rain, Partially cloudy",Partly cloudy throughout the day with a chance of rain throughout the day.,rain,"43289099999,43291099999,remote,VOMY"
"Mysuru, KA, India",2021-10-13,84.1,68.6,75.7,86.4,68.6,76.3,68.5,79.9,0.418,100,66.67,rain,0,0,24.8,16.1,254.8,1009.4,75.6,5.4,138.1,12,6,,2021-10-13T06:13:02,2021-10-13T18:06:05,0.25,"Rain, Partially cloudy",Partly cloudy throughout the day with a chance of rain throughout the day.,rain,"43289099999,43291099999,remote,VOMY"
"Mysuru, KA, India",2021-10-14,85.9,70.4,76.2,90.4,70.4,77,70.2,83,0.946,100,75,rain,0,0,19.9,9.2,259.2,1008.7,68.6,3.9,120,10.2,6,,2021-10-14T06:13:07,2021-10-14T18:05:31,0.28,"Rain, Partially cloudy",Partly cloudy throughout the day with a chance of rain throughout the day.,rain,"43289099999,43291099999,remote,VOMY"
"Mysuru, KA, India",2021-10-15,87.7,71,77.6,92.6,71,78.9,70.4,80,0.032,100,16.67,rain,0,0,11.4,6.8,294.1,1006.2,75.3,5.8,208.5,18.1,8,,2021-10-15T06:13:13,2021-10-15T18:04:58,0.31,"Rain, Partially cloudy",Partly cloudy throughout the day with afternoon rain.,rain,"43289099999,remote,VOMY"
"Mysuru, KA, India",2021-10-16,87.7,69.7,77,92.6,69.7,78.1,70.7,82.5,0.817,100,66.67,rain,0,0,12.5,9.2,195.2,1005.6,73.7,3.6,187.9,16.5,8,,2021-10-16T06:13:19,2021-10-16T18:04:25,0.35,"Rain, Partially cloudy",Partly cloudy throughout the day with rain.,rain,"43289099999,remote,VOMY"
"Mysuru, KA, India",2021-10-17,82.3,70.2,75.5,88.1,70.2,76.5,70.6,85.6,0.36,100,83.33,rain,0,0,17.7,13.9,250.1,1008.4,77.7,4.6,126.2,10.9,7,,2021-10-17T06:13:26,2021-10-17T18:03:53,0.38,"Rain, Partially cloudy",Partly cloudy throughout the day with a chance of rain throughout the day.,rain,"43289099999,remote,VOMY"
"Mysuru, KA, India",2021-10-18,80.5,71.3,74.8,83.7,71.3,74.9,70.3,86.4,0.063,100,16.67,rain,0,0,23.3,16.1,264.2,1011.1,87.5,3.6,157,13.6,7,,2021-10-18T06:13:34,2021-10-18T18:03:22,0.42,"Rain, Partially cloudy",Partly cloudy throughout the day with rain in the morning and afternoon.,rain,"43289099999,remote,VOMY"
"Mysuru, KA, India",2021-10-19,85.9,69.7,77.4,87.4,69.7,78.2,67.7,74.5,0,0,0,,0,0,13.2,6.9,280.5,1013.2,70.2,5.1,191.7,16.5,8,,2021-10-19T06:13:42,2021-10-19T18:02:51,0.45,Partially cloudy,Partly cloudy throughout the day.,partly-cloudy-day,"43289099999,remote,VOMY"
"Mysuru, KA, India",2021-10-20,87.7,71.3,77.6,91.3,71.3,78.8,69.7,78.6,0.169,100,25,rain,0,0,13.9,9.2,110.1,1014.2,74.6,3.3,213.3,18.5,8,,2021-10-20T06:13:50,2021-10-20T18:02:21,0.5,"Rain, Partially cloudy",Partly cloudy throughout the day with late afternoon rain.,rain,"43289099999,43291099999,remote,VOMY"
"Mysuru, KA, India",2021-10-21,85.9,69.7,76.4,90.4,69.7,77.8,69.9,81.5,0.299,100,45.83,rain,0,0,14.5,9.2,119.7,1014.7,69.3,3.4,202.8,17.4,9,,2021-10-21T06:13:59,2021-10-21T18:01:52,0.52,"Rain, Partially cloudy",Partly cloudy throughout the day with a chance of rain throughout the day.,rain,"43289099999,remote,VOMY"
"Mysuru, KA, India",2021-10-22,89.5,69.3,77.7,93.3,69.3,79.3,70,79.1,0.291,100,45.83,rain,0,0,15,10.3,69.3,1014.4,62.1,4,196.1,16.9,7,,2021-10-22T06:14:09,2021-10-22T18:01:24,0.55,"Rain, Partially cloudy",Partly cloudy throughout the day with a chance of rain throughout the day.,rain,"43289099999,remote,VOMY"
"Mysuru, KA, India",2021-10-23,85.9,70.8,76.3,89.3,70.8,77.2,69.9,82.1,0.94,100,70.83,rain,0,0,13.6,5.8,262.5,1015.4,83.4,4.6,191.7,16.4,7,,2021-10-23T06:14:19,2021-10-23T18:00:56,0.59,"Rain, Partially cloudy",Partly cloudy throughout the day with a chance of rain throughout the day.,rain,"remote,VOMY"
"Mysuru, KA, India",2021-10-24,85.9,69.7,75.8,88.3,69.7,76.5,68.9,80.7,1.413,100,100,rain,0,0,14.1,5.8,314.4,1015.5,75.1,5.5,155.9,13.5,7,,2021-10-24T06:14:30,2021-10-24T18:00:29,0.62,"Rain, Partially cloudy",Partly cloudy throughout the day with a chance of rain throughout the day.,rain,"43289099999,remote,VOMY"
"Mysuru, KA, India",2021-10-25,85.9,69.2,75.9,90.4,69.2,76.9,68.7,79.7,0.072,100,37.5,rain,0,0,15.4,10.3,77.9,1013.6,68.2,4.6,165.7,14.4,6,,2021-10-25T06:14:41,2021-10-25T18:00:03,0.65,"Rain, Partially cloudy",Partly cloudy throughout the day with a chance of rain throughout the day.,rain,"43289099999,remote,VOMY"
"Mysuru, KA, India",2021-10-26,82.3,69.7,75.7,85.2,69.7,76.2,69,80.3,0.181,100,29.17,rain,0,0,16.6,6,68,1012.5,71.9,2.9,213,18.4,8,,2021-10-26T06:14:53,2021-10-26T17:59:38,0.69,"Rain, Partially cloudy",Partly cloudy throughout the day with rain.,rain,"43289099999,remote,VOMY"
"Mysuru, KA, India",2021-10-27,84.1,69.7,77.2,87.3,69.7,78,69,77,0.016,100,16.67,rain,0,0,17.9,11.4,51.2,1012.7,61.4,2.8,209,18,7,,2021-10-27T06:15:06,2021-10-27T17:59:14,0.72,"Rain, Partially cloudy",Partly cloudy throughout the day with rain in the morning and afternoon.,rain,"43291099999,remote,VOMY"
"Mysuru, KA, India",2021-10-28,84.1,69.5,76.5,86.4,69.5,77,67,74,0.068,100,16.67,rain,0,0,16.1,10.3,72.9,1012.8,65.1,3.4,206,17.7,8,,2021-10-28T06:15:19,2021-10-28T17:58:51,0.75,"Rain, Partially cloudy",Partly cloudy throughout the day with late afternoon rain.,rain,"43289099999,remote,VOMY"
"Mysuru, KA, India",2021-10-29,84.1,69.7,76.1,87.3,69.7,76.9,68.6,78.5,0.079,100,25,rain,0,0,20.1,11.4,56,1013.6,77,2.8,178.1,15.4,6,,2021-10-29T06:15:33,2021-10-29T17:58:28,0.75,"Rain, Partially cloudy",Partly cloudy throughout the day with rain.,rain,"43289099999,43291099999,remote,VOMY"
"Mysuru, KA, India",2021-10-30,85.9,70.2,77,89.3,70.2,77.9,69.4,78.8,0.237,100,70.83,rain,0,0,21.3,11.4,79,1014.5,75.5,4.8,144.5,12.5,6,,2021-10-30T06:15:47,2021-10-30T17:58:07,0.82,"Rain, Partially cloudy",Partly cloudy throughout the day with a chance of rain throughout the day.,rain,"43289099999,43291099999,remote,VOMY"
"Mysuru, KA, India",2021-10-31,82.3,70.1,75.6,85.2,70.1,76.2,68.8,80.4,0.036,100,16.67,rain,0,0,18.8,10.3,74.1,1014.6,68.2,4.4,168,14.7,7,,2021-10-31T06:16:02,2021-10-31T17:57:47,0.85,"Rain, Partially cloudy",Partly cloudy throughout the day with rain.,rain,"43289099999,remote,VOMY"
"Mysuru, KA, India",2021-11-01,84.1,69.9,74.8,88.3,69.9,75.5,69.5,84.6,0.669,100,100,rain,0,0,23.7,13.9,66.5,1013.3,86,5,105.6,8.9,4,,2021-11-01T06:16:18,2021-11-01T17:57:27,0.88,"Rain, Partially cloudy",Partly cloudy throughout the day with a chance of rain throughout the day.,rain,"43289099999,43291099999,remote,VOMY"
"Mysuru, KA, India",2021-11-02,82.3,69.3,74.7,86.1,69.3,75.3,69.6,84.8,0.336,100,62.5,rain,0,0,24.8,13.9,84.3,1012.4,87.6,4.5,125.3,10.9,5,,2021-11-02T06:16:35,2021-11-02T17:57:09,0.91,"Rain, Partially cloudy",Partly cloudy throughout the day with a chance of rain throughout the day.,rain,"43291099999,remote,VOMY"
"Mysuru, KA, India",2021-11-03,84.1,69.5,75.4,87.3,69.5,76.1,68.8,81.5,0.715,100,100,rain,0,0,18.6,16.1,85,1013.1,75.5,4.7,53.4,4.6,3,,2021-11-03T06:16:52,2021-11-03T17:56:51,0.95,"Rain, Partially cloudy",Partly cloudy throughout the day with a chance of rain throughout the day.,rain,"43289099999,43291099999,remote,VOMY"
"Mysuru, KA, India",2021-11-04,84.1,69.2,75.3,87.3,69.2,76,69.5,83.4,0.147,100,50,rain,0,0,14.1,11.4,82.9,1013.1,81,4.7,130,11.2,4,,2021-11-04T06:17:09,2021-11-04T17:56:35,0.98,"Rain, Partially cloudy",Partly cloudy throughout the day with a chance of rain throughout the day.,rain,"43289099999,remote,VOMY"
"Mysuru, KA, India",2021-11-05,82.3,67.9,74,86.1,67.9,74.6,68.9,85,0.244,100,50,rain,0,0,14.3,9.2,234.9,1012.9,77.2,3.9,117.1,10.1,4,,2021-11-05T06:17:28,2021-11-05T17:56:19,0,"Rain, Partially cloudy",Partly cloudy throughout the day with a chance of rain throughout the day.,rain,"43289099999,43291099999,remote,VOMY"
"Mysuru, KA, India",2021-11-06,82.3,69.7,75.2,86.1,69.7,76.2,69.6,83.6,0.198,100,50,rain,0,0,13.6,16.1,267,1012,74.4,3.8,168.3,14.5,8,,2021-11-06T06:17:47,2021-11-06T17:56:05,0.05,"Rain, Partially cloudy",Partly cloudy throughout the day with a chance of rain throughout the day.,rain,"remote,VOMY"
"Mysuru, KA, India",2021-11-07,82.3,69.9,75.2,85.2,69.9,75.8,68.6,81.1,0.241,100,50,rain,0,0,15.7,5.8,51.6,1012.1,81.3,3.6,152.6,13.3,6,,2021-11-07T06:18:06,2021-11-07T17:55:51,0.08,"Rain, Partially cloudy",Partly cloudy throughout the day with rain.,rain,"43289099999,remote,VOMY"
"Mysuru, KA, India",2021-11-08,76.9,67.9,72.6,76.9,67.9,72.6,67.5,84.5,0.285,100,70.83,rain,0,0,8.9,8.1,79.6,1013.3,88.1,2.1,74.5,6.4,5,,2021-11-08T06:18:27,2021-11-08T17:55:39,0.12,"Rain, Partially cloudy",Partly cloudy throughout the day with a chance of rain throughout the day.,rain,"43291099999,remote,VOMY"
"Mysuru, KA, India",2021-11-09,80.5,67.7,72.8,82.2,67.7,73,67.1,83.8,0.202,100,70.83,rain,0,0,14.8,9.2,76.9,1012.9,79.1,2.6,109.4,9.4,5,,2021-11-09T06:18:47,2021-11-09T17:55:28,0.15,"Rain, Partially cloudy",Partly cloudy throughout the day with a chance of rain throughout the day.,rain,"43289099999,remote,VOMY"
"Mysuru, KA, India",2021-11-10,78.7,68.1,72.5,78.7,68.1,72.5,64.5,77.2,0.183,100,58.33,rain,0,0,9.4,6.9,31.2,1012.5,94.5,3.3,120.3,10.3,5,,2021-11-10T06:19:09,2021-11-10T17:55:18,0.19,"Rain, Overcast",Cloudy skies throughout the day with rain.,rain,"43289099999,remote,VOMY"
"Mysuru, KA, India",2021-11-11,76.9,66.6,71.3,76.9,66.6,71.3,64.9,81,0.223,100,75,rain,0,0,14.5,16.1,333.3,1010.5,78.3,3.3,58.5,5.1,2,,2021-11-11T06:19:31,2021-11-11T17:55:08,0.25,"Rain, Partially cloudy",Partly cloudy throughout the day with a chance of rain throughout the day.,rain,"43289099999,43291099999,remote,VOMY"
"Mysuru, KA, India",2021-11-12,73.3,67.2,69.8,73.3,67.2,69.8,67.7,93,0.408,100,70.83,rain,0,0,17.7,7.2,293.2,1009.9,91.7,2.4,44.6,3.9,2,,2021-11-12T06:19:54,2021-11-12T17:55:01,0.25,"Rain, Overcast",Cloudy skies throughout the day with a chance of rain throughout the day.,rain,"43289099999,remote,VOMY"
"Mysuru, KA, India",2021-11-13,76.9,69.3,72.6,76.9,69.3,72.6,70.3,92.7,0.21,100,54.17,rain,0,0,14.5,10.3,255.4,1010.5,86.2,2.8,132,11.2,5,,2021-11-13T06:20:17,2021-11-13T17:54:54,0.29,"Rain, Partially cloudy",Partly cloudy throughout the day with a chance of rain throughout the day.,rain,"43289099999,43291099999,remote,VOMY"
"Mysuru, KA, India",2021-11-14,80.5,70.6,73.6,83.7,70.6,73.8,70.1,89.4,0.404,100,79.17,rain,0,0,19.9,11.4,249.8,1011,86,4,95.5,8.2,5,,2021-11-14T06:20:42,2021-11-14T17:54:48,0.32,"Rain, Partially cloudy",Partly cloudy throughout the day with a chance of rain throughout the day.,rain,"remote,VOMY"
"Mysuru, KA, India",2021-11-15,84.1,69.3,74.5,87.3,69.3,75.2,69.1,84.2,0.741,100,54.17,rain,0,0,12.1,10.3,233,1009.9,68.2,3.7,151.2,13.1,6,,2021-11-15T06:21:06,2021-11-15T17:54:43,0.36,"Rain, Partially cloudy",Partly cloudy throughout the day with a chance of rain throughout the day.,rain,"remote,VOMY"
"Mysuru, KA, India",2021-11-16,82.3,71.3,74.1,86.1,71.3,74.2,70.8,90.1,0.626,100,79.17,rain,0,0,12.8,17.2,247.6,1009.7,91,3.3,105.7,9.2,5,,2021-11-16T06:21:31,2021-11-16T17:54:40,0.39,"Rain, Overcast",Cloudy skies throughout the day with a chance of rain throughout the day.,rain,"43289099999,43291099999,remote,VOMY"
"Mysuru, KA, India",2021-11-17,85.9,70.6,75.4,90.4,70.6,76.3,70,84.6,0.593,100,83.33,rain,0,0,11.6,6.9,107,1011.8,80.7,4.3,138,12,5,,2021-11-17T06:21:57,2021-11-17T17:54:38,0.43,"Rain, Partially cloudy",Partly cloudy throughout the day with a chance of rain throughout the day.,rain,"remote,VOMY"
"Mysuru, KA, India",2021-11-18,76.9,69,71.6,76.9,69,71.6,69.5,93.3,0.26,100,66.67,rain,0,0,13.4,8.1,4.2,1010.8,94.5,3.3,60.8,5.4,2,,2021-11-18T06:22:23,2021-11-18T17:54:36,0.46,"Rain, Overcast",Cloudy skies throughout the day with rain.,rain,"43289099999,remote,VOMY"
"Mysuru, KA, India",2021-11-19,76.9,68.6,72.3,76.9,68.6,72.3,69.4,90.8,1.658,100,83.33,rain,0,0,15.7,11.4,287.1,1007.6,92.8,3.4,24.7,2.3,1,,2021-11-19T06:22:50,2021-11-19T17:54:36,0.5,"Rain, Overcast",Cloudy skies throughout the day with a chance of rain throughout the day.,rain,"43289099999,43291099999,remote,VOMY"
"Mysuru, KA, India",2021-11-20,78.7,70.2,73.8,78.7,70.2,73.8,68.5,84.1,0.084,100,29.17,rain,0,0,22.1,20.8,246.8,1008.9,80.1,3.9,70.2,6,3,,2021-11-20T06:23:18,2021-11-20T17:54:37,0.53,"Rain, Partially cloudy",Partly cloudy throughout the day with rain.,rain,"43289099999,remote,VOMY"
"Mysuru, KA, India",2021-11-21,85.9,69,75.1,88.3,69,75.7,67.9,79.9,0,0,0,,0,0,12.1,13.9,216.5,1011.5,53.4,4.4,186.7,16.2,7,,2021-11-21T06:23:46,2021-11-21T17:54:39,0.56,Partially cloudy,Partly cloudy throughout the day.,partly-cloudy-day,"43289099999,remote,VOMY"
"Mysuru, KA, India",2021-11-22,84.1,70.4,76,88.3,70.4,76.9,69.5,81.4,0.083,100,25,rain,0,0,14.1,5.8,305.1,1013.2,71,4,180.9,15.7,6,,2021-11-22T06:24:14,2021-11-22T17:54:43,0.6,"Rain, Partially cloudy",Partly cloudy throughout the day with rain.,rain,"43289099999,remote,VOMY"
"Mysuru, KA, India",2021-11-23,85.9,69,76.5,89.3,69,77.6,69.5,80.3,0.04,100,29.17,rain,0,0,15.7,8.1,75.5,1012.5,53.3,4.6,177,15.2,7,,2021-11-23T06:24:43,2021-11-23T17:54:47,0.63,"Rain, Partially cloudy",Partly cloudy throughout the day with a chance of rain throughout the day.,rain,"43289099999,remote,VOMY"
"Mysuru, KA, India",2021-11-24,85.9,69.7,76.9,88.3,69.7,77.7,68.2,76.4,0.016,100,16.67,rain,0,0,19.2,11.4,73.2,1012.6,74.7,4.7,198.5,17.1,8,,2021-11-24T06:25:12,2021-11-24T17:54:53,0.66,"Rain, Partially cloudy",Partly cloudy throughout the day with rain.,rain,"43289099999,remote,VOMY"
"Mysuru, KA, India",2021-11-25,84.1,69.5,76,86.4,69.5,76.7,67.6,76.6,0,0,0,,0,0,23.9,15,67.5,1012.9,74.6,3.6,152.9,13.1,8,,2021-11-25T06:25:42,2021-11-25T17:54:59,0.7,Partially cloudy,Partly cloudy throughout the day.,partly-cloudy-day,"43289099999,43291099999,remote,VOMY"
"Mysuru, KA, India",2021-11-26,82.3,70.4,75.2,85.2,70.4,75.6,67,76.7,0.044,100,33.33,rain,0,0,21.3,11.4,72.8,1013.3,79.2,3.7,95.8,8.2,4,,2021-11-26T06:26:12,2021-11-26T17:55:07,0.73,"Rain, Partially cloudy",Partly cloudy throughout the day with a chance of rain throughout the day.,rain,"remote,VOMY"
"Mysuru, KA, India",2021-11-27,78.8,69.2,73.6,78.8,69.2,73.6,66.1,77.9,0.076,100,50,rain,0,0,20.8,11.4,53.9,1013.3,92.4,3.5,123.6,10.8,7,,2021-11-27T06:26:42,2021-11-27T17:55:16,0.75,"Rain, Overcast",Cloudy skies throughout the day with rain.,rain,"43291099999,remote,VOMY"
"Mysuru, KA, India",2021-11-28,78.7,69.3,73,78.7,69.3,73,68.2,85.1,0.458,100,66.67,rain,0,0,22.1,12.8,62.5,1013.7,90.8,3.6,110.9,9.6,4,,2021-11-28T06:27:13,2021-11-28T17:55:26,0.8,"Rain, Overcast",Cloudy skies throughout the day with a chance of rain throughout the day.,rain,"43289099999,remote,VOMY"
"Mysuru, KA, India",2021-11-29,80.5,69.5,74.4,83.2,69.5,74.8,68.4,82.2,0.217,100,54.17,rain,0,0,27.3,18.3,78,1013.9,78.1,4.3,121.9,10.6,5,,2021-11-29T06:27:44,2021-11-29T17:55:37,0.83,"Rain, Partially cloudy",Partly cloudy throughout the day with a chance of rain throughout the day.,rain,"remote,VOMY"
"Mysuru, KA, India",2021-11-30,84.1,67.9,74.8,86.4,67.9,75.2,67.8,80.3,0.056,100,37.5,rain,0,0,28,17.2,85.4,1013.9,73,5.3,155.8,13.5,6,,2021-11-30T06:28:16,2021-11-30T17:55:49,0.86,"Rain, Partially cloudy",Partly cloudy throughout the day with a chance of rain throughout the day.,rain,"43289099999,remote,VOMY"
"Mysuru, KA, India",2021-12-01,84.1,68.6,75.3,87.3,68.6,76.2,68.1,79.5,0.02,100,20.83,rain,0,0,22.1,11.4,92.3,1013.4,48.3,4.7,144.6,12.5,5,,2021-12-01T06:28:48,2021-12-01T17:56:02,0.9,"Rain, Partially cloudy",Partly cloudy throughout the day with rain.,rain,"43289099999,remote,VOMY"
